participant_id,species,species_shown,attitude,hunting_approval,conservation_status,conservation_dontknow,edibility,familiarity,desire_to_see,wtp_hunt,wtp_view,danger_humans,destructive_property,discrepancy_score,wvo_mutualism,wvo_domination,christian_nationalism_score,political_ideology,hunter_status,has_pets,game_meat_freq,eats_meat
R_1HYVp1JVeYK9alX,African savanna elephant,FALSE,5,1,NA,FALSE,NA,NA,NA,NA,NA,NA,NA,-4,4.666666666666667,3.3333333333333335,2.1666666666666665,86,"Yes, I know someone who hunts",TRUE,1,TRUE
R_1HYVp1JVeYK9alX,American crow,FALSE,4,3,NA,FALSE,NA,NA,NA,NA,NA,NA,NA,-1,4.666666666666667,3.3333333333333335,2.1666666666666665,86,"Yes, I know someone who hunts",TRUE,1,TRUE
R_1HYVp1JVeYK9alX,American robin,FALSE,5,2,NA,FALSE,NA,NA,NA,NA,NA,NA,NA,-3,4.666666666666667,3.3333333333333335,2.1666666666666665,86,"Yes, I know someone who hunts",TRUE,1,TRUE
R_1HYVp1JVeYK9alX,Bald eagle,FALSE,4,2,NA,FALSE,NA,NA,NA,NA,NA,NA,NA,-2,4.666666666666667,3.3333333333333335,2.1666666666666665,86,"Yes, I know someone who hunts",TRUE,1,TRUE
R_1HYVp1JVeYK9alX,Bison,FALSE,5,4,NA,FALSE,NA,NA,NA,NA,NA,NA,NA,-1,4.666666666666667,3.3333333333333335,2.1666666666666665,86,"Yes, I know someone who hunts",TRUE,1,TRUE
R_1HYVp1JVeYK9alX,Black bear,FALSE,5,1,NA,FALSE,NA,NA,NA,NA,NA,NA,NA,-4,4.666666666666667,3.3333333333333335,2.1666666666666665,86,"Yes, I know someone who hunts",TRUE,1,TRUE
R_1HYVp1JVeYK9alX,Brown rat,FALSE,2,4,NA,FALSE,NA,NA,NA,NA,NA,NA,NA,2,4.666666666666667,3.3333333333333335,2.1666666666666665,86,"Yes, I know someone who hunts",TRUE,1,TRUE
R_1HYVp1JVeYK9alX,Cougar,TRUE,3,2,Of concern/vulnerable,FALSE,1,1,2,5,3,3,3,-1,4.666666666666667,3.3333333333333335,2.1666666666666665,86,"Yes, I know someone who hunts",TRUE,1,TRUE
R_1HYVp1JVeYK9alX,Coyote,FALSE,2,3,NA,FALSE,NA,NA,NA,NA,NA,NA,NA,1,4.666666666666667,3.3333333333333335,2.1666666666666665,86,"Yes, I know someone who hunts",TRUE,1,TRUE
R_1HYVp1JVeYK9alX,Elk,FALSE,5,5,NA,FALSE,NA,NA,NA,NA,NA,NA,NA,0,4.666666666666667,3.3333333333333335,2.1666666666666665,86,"Yes, I know someone who hunts",TRUE,1,TRUE
R_1HYVp1JVeYK9alX,Gray wolf,TRUE,5,1,Critically endangered,FALSE,1,2,2,5,3,2,3,-4,4.666666666666667,3.3333333333333335,2.1666666666666665,86,"Yes, I know someone who hunts",TRUE,1,TRUE
R_1HYVp1JVeYK9alX,Mallard duck,TRUE,4,4,Stable/least concern,FALSE,3,5,5,2,1,1,2,0,4.666666666666667,3.3333333333333335,2.1666666666666665,86,"Yes, I know someone who hunts",TRUE,1,TRUE
R_1HYVp1JVeYK9alX,Raccoon,FALSE,5,1,NA,FALSE,NA,NA,NA,NA,NA,NA,NA,-4,4.666666666666667,3.3333333333333335,2.1666666666666665,86,"Yes, I know someone who hunts",TRUE,1,TRUE
R_1HYVp1JVeYK9alX,Rattlesnake,FALSE,1,4,NA,FALSE,NA,NA,NA,NA,NA,NA,NA,3,4.666666666666667,3.3333333333333335,2.1666666666666665,86,"Yes, I know someone who hunts",TRUE,1,TRUE
R_1HYVp1JVeYK9alX,Striped skunk,FALSE,2,3,NA,FALSE,NA,NA,NA,NA,NA,NA,NA,1,4.666666666666667,3.3333333333333335,2.1666666666666665,86,"Yes, I know someone who hunts",TRUE,1,TRUE
R_1HYVp1JVeYK9alX,Tundra swan,TRUE,4,3,Stable/least concern,FALSE,3,2,5,2,1,1,2,-1,4.666666666666667,3.3333333333333335,2.1666666666666665,86,"Yes, I know someone who hunts",TRUE,1,TRUE
R_1HYVp1JVeYK9alX,White-tailed deer,TRUE,5,5,Stable/least concern,FALSE,4,5,5,3,1,1,2,0,4.666666666666667,3.3333333333333335,2.1666666666666665,86,"Yes, I know someone who hunts",TRUE,1,TRUE
R_3NHrqxBChLYAMo1,African savanna elephant,FALSE,5,1,NA,FALSE,NA,NA,NA,NA,NA,NA,NA,-4,5,3,1.6666666666666667,84,"Yes, I hunt or have hunted in the past",TRUE,3,TRUE
R_3NHrqxBChLYAMo1,American crow,TRUE,4,1,Overabundant,FALSE,1,5,5,2,1,1,1,-3,5,3,1.6666666666666667,84,"Yes, I hunt or have hunted in the past",TRUE,3,TRUE
R_3NHrqxBChLYAMo1,American robin,TRUE,4,1,Overabundant,FALSE,1,5,5,1,1,1,1,-3,5,3,1.6666666666666667,84,"Yes, I hunt or have hunted in the past",TRUE,3,TRUE
R_3NHrqxBChLYAMo1,Bald eagle,FALSE,4,1,NA,FALSE,NA,NA,NA,NA,NA,NA,NA,-3,5,3,1.6666666666666667,84,"Yes, I hunt or have hunted in the past",TRUE,3,TRUE
R_3NHrqxBChLYAMo1,Bison,FALSE,4,2,NA,FALSE,NA,NA,NA,NA,NA,NA,NA,-2,5,3,1.6666666666666667,84,"Yes, I hunt or have hunted in the past",TRUE,3,TRUE
R_3NHrqxBChLYAMo1,Black bear,FALSE,4,5,NA,FALSE,NA,NA,NA,NA,NA,NA,NA,1,5,3,1.6666666666666667,84,"Yes, I hunt or have hunted in the past",TRUE,3,TRUE
R_3NHrqxBChLYAMo1,Brown rat,FALSE,3,3,NA,FALSE,NA,NA,NA,NA,NA,NA,NA,0,5,3,1.6666666666666667,84,"Yes, I hunt or have hunted in the past",TRUE,3,TRUE
R_3NHrqxBChLYAMo1,Cougar,FALSE,4,4,NA,FALSE,NA,NA,NA,NA,NA,NA,NA,0,5,3,1.6666666666666667,84,"Yes, I hunt or have hunted in the past",TRUE,3,TRUE
R_3NHrqxBChLYAMo1,Coyote,FALSE,2,5,NA,FALSE,NA,NA,NA,NA,NA,NA,NA,3,5,3,1.6666666666666667,84,"Yes, I hunt or have hunted in the past",TRUE,3,TRUE
R_3NHrqxBChLYAMo1,Elk,TRUE,5,5,Stable/least concern,FALSE,5,3,5,6,6,1,3,0,5,3,1.6666666666666667,84,"Yes, I hunt or have hunted in the past",TRUE,3,TRUE
R_3NHrqxBChLYAMo1,Gray wolf,FALSE,4,3,NA,FALSE,NA,NA,NA,NA,NA,NA,NA,-1,5,3,1.6666666666666667,84,"Yes, I hunt or have hunted in the past",TRUE,3,TRUE
R_3NHrqxBChLYAMo1,Mallard duck,FALSE,4,5,NA,FALSE,NA,NA,NA,NA,NA,NA,NA,1,5,3,1.6666666666666667,84,"Yes, I hunt or have hunted in the past",TRUE,3,TRUE
R_3NHrqxBChLYAMo1,Raccoon,FALSE,1,5,NA,FALSE,NA,NA,NA,NA,NA,NA,NA,4,5,3,1.6666666666666667,84,"Yes, I hunt or have hunted in the past",TRUE,3,TRUE
R_3NHrqxBChLYAMo1,Rattlesnake,TRUE,3,4,Of concern/vulnerable,FALSE,4,1,1,2,1,2,1,1,5,3,1.6666666666666667,84,"Yes, I hunt or have hunted in the past",TRUE,3,TRUE
R_3NHrqxBChLYAMo1,Striped skunk,FALSE,3,3,NA,FALSE,NA,NA,NA,NA,NA,NA,NA,0,5,3,1.6666666666666667,84,"Yes, I hunt or have hunted in the past",TRUE,3,TRUE
R_3NHrqxBChLYAMo1,Tundra swan,FALSE,3,3,NA,FALSE,NA,NA,NA,NA,NA,NA,NA,0,5,3,1.6666666666666667,84,"Yes, I hunt or have hunted in the past",TRUE,3,TRUE
R_3NHrqxBChLYAMo1,White-tailed deer,TRUE,5,5,Overabundant,FALSE,5,5,5,6,1,2,4,0,5,3,1.6666666666666667,84,"Yes, I hunt or have hunted in the past",TRUE,3,TRUE
R_3g7OQfbqixNWd1C,African savanna elephant,FALSE,4,5,NA,FALSE,NA,NA,NA,NA,NA,NA,NA,1,3.6666666666666665,2.3333333333333335,1.6666666666666667,74,"Yes, I hunt or have hunted in the past",TRUE,4,TRUE
R_3g7OQfbqixNWd1C,American crow,FALSE,4,5,NA,FALSE,NA,NA,NA,NA,NA,NA,NA,1,3.6666666666666665,2.3333333333333335,1.6666666666666667,74,"Yes, I hunt or have hunted in the past",TRUE,4,TRUE
R_3g7OQfbqixNWd1C,American robin,FALSE,5,1,NA,FALSE,NA,NA,NA,NA,NA,NA,NA,-4,3.6666666666666665,2.3333333333333335,1.6666666666666667,74,"Yes, I hunt or have hunted in the past",TRUE,4,TRUE
R_3g7OQfbqixNWd1C,Bald eagle,FALSE,5,1,NA,FALSE,NA,NA,NA,NA,NA,NA,NA,-4,3.6666666666666665,2.3333333333333335,1.6666666666666667,74,"Yes, I hunt or have hunted in the past",TRUE,4,TRUE
R_3g7OQfbqixNWd1C,Bison,FALSE,5,5,NA,FALSE,NA,NA,NA,NA,NA,NA,NA,0,3.6666666666666665,2.3333333333333335,1.6666666666666667,74,"Yes, I hunt or have hunted in the past",TRUE,4,TRUE
R_3g7OQfbqixNWd1C,Black bear,FALSE,5,5,NA,FALSE,NA,NA,NA,NA,NA,NA,NA,0,3.6666666666666665,2.3333333333333335,1.6666666666666667,74,"Yes, I hunt or have hunted in the past",TRUE,4,TRUE
R_3g7OQfbqixNWd1C,Brown rat,FALSE,3,5,NA,FALSE,NA,NA,NA,NA,NA,NA,NA,2,3.6666666666666665,2.3333333333333335,1.6666666666666667,74,"Yes, I hunt or have hunted in the past",TRUE,4,TRUE
R_3g7OQfbqixNWd1C,Cougar,TRUE,5,5,Stable/least concern,FALSE,4,2,3,6,6,2,2,0,3.6666666666666665,2.3333333333333335,1.6666666666666667,74,"Yes, I hunt or have hunted in the past",TRUE,4,TRUE
R_3g7OQfbqixNWd1C,Coyote,TRUE,3,5,Overabundant,FALSE,3,5,3,6,1,1,4,2,3.6666666666666665,2.3333333333333335,1.6666666666666667,74,"Yes, I hunt or have hunted in the past",TRUE,4,TRUE
R_3g7OQfbqixNWd1C,Elk,FALSE,5,5,NA,FALSE,NA,NA,NA,NA,NA,NA,NA,0,3.6666666666666665,2.3333333333333335,1.6666666666666667,74,"Yes, I hunt or have hunted in the past",TRUE,4,TRUE
R_3g7OQfbqixNWd1C,Gray wolf,FALSE,5,5,NA,FALSE,NA,NA,NA,NA,NA,NA,NA,0,3.6666666666666665,2.3333333333333335,1.6666666666666667,74,"Yes, I hunt or have hunted in the past",TRUE,4,TRUE
R_3g7OQfbqixNWd1C,Mallard duck,FALSE,5,5,NA,FALSE,NA,NA,NA,NA,NA,NA,NA,0,3.6666666666666665,2.3333333333333335,1.6666666666666667,74,"Yes, I hunt or have hunted in the past",TRUE,4,TRUE
R_3g7OQfbqixNWd1C,Raccoon,FALSE,2,5,NA,FALSE,NA,NA,NA,NA,NA,NA,NA,3,3.6666666666666665,2.3333333333333335,1.6666666666666667,74,"Yes, I hunt or have hunted in the past",TRUE,4,TRUE
R_3g7OQfbqixNWd1C,Rattlesnake,TRUE,1,5,Stable/least concern,FALSE,4,3,1,4,1,4,2,4,3.6666666666666665,2.3333333333333335,1.6666666666666667,74,"Yes, I hunt or have hunted in the past",TRUE,4,TRUE
R_3g7OQfbqixNWd1C,Striped skunk,TRUE,3,5,Stable/least concern,FALSE,2,5,2,4,1,3,5,2,3.6666666666666665,2.3333333333333335,1.6666666666666667,74,"Yes, I hunt or have hunted in the past",TRUE,4,TRUE
R_3g7OQfbqixNWd1C,Tundra swan,TRUE,5,5,Stable/least concern,FALSE,5,5,5,6,6,1,2,0,3.6666666666666665,2.3333333333333335,1.6666666666666667,74,"Yes, I hunt or have hunted in the past",TRUE,4,TRUE
R_3g7OQfbqixNWd1C,White-tailed deer,FALSE,5,5,NA,FALSE,NA,NA,NA,NA,NA,NA,NA,0,3.6666666666666665,2.3333333333333335,1.6666666666666667,74,"Yes, I hunt or have hunted in the past",TRUE,4,TRUE
R_3iJz6vrdSABm5qz,African savanna elephant,TRUE,5,1,Threatened,FALSE,1,1,5,6,6,4,1,-4,4,2.6666666666666665,2.6666666666666665,89,"Yes, I know someone who hunts",FALSE,2,TRUE
R_3iJz6vrdSABm5qz,American crow,FALSE,1,5,NA,FALSE,NA,NA,NA,NA,NA,NA,NA,4,4,2.6666666666666665,2.6666666666666665,89,"Yes, I know someone who hunts",FALSE,2,TRUE
R_3iJz6vrdSABm5qz,American robin,FALSE,4,2,NA,FALSE,NA,NA,NA,NA,NA,NA,NA,-2,4,2.6666666666666665,2.6666666666666665,89,"Yes, I know someone who hunts",FALSE,2,TRUE
R_3iJz6vrdSABm5qz,Bald eagle,FALSE,5,1,NA,FALSE,NA,NA,NA,NA,NA,NA,NA,-4,4,2.6666666666666665,2.6666666666666665,89,"Yes, I know someone who hunts",FALSE,2,TRUE
R_3iJz6vrdSABm5qz,Bison,FALSE,5,1,NA,FALSE,NA,NA,NA,NA,NA,NA,NA,-4,4,2.6666666666666665,2.6666666666666665,89,"Yes, I know someone who hunts",FALSE,2,TRUE
R_3iJz6vrdSABm5qz,Black bear,FALSE,5,4,NA,FALSE,NA,NA,NA,NA,NA,NA,NA,-1,4,2.6666666666666665,2.6666666666666665,89,"Yes, I know someone who hunts",FALSE,2,TRUE
R_3iJz6vrdSABm5qz,Brown rat,FALSE,1,5,NA,FALSE,NA,NA,NA,NA,NA,NA,NA,4,4,2.6666666666666665,2.6666666666666665,89,"Yes, I know someone who hunts",FALSE,2,TRUE
R_3iJz6vrdSABm5qz,Cougar,FALSE,4,4,NA,FALSE,NA,NA,NA,NA,NA,NA,NA,0,4,2.6666666666666665,2.6666666666666665,89,"Yes, I know someone who hunts",FALSE,2,TRUE
R_3iJz6vrdSABm5qz,Coyote,TRUE,4,3,Stable/least concern,FALSE,1,2,3,3,1,2,2,-1,4,2.6666666666666665,2.6666666666666665,89,"Yes, I know someone who hunts",FALSE,2,TRUE
R_3iJz6vrdSABm5qz,Elk,TRUE,5,5,Of concern/vulnerable,FALSE,5,2,5,5,2,1,2,0,4,2.6666666666666665,2.6666666666666665,89,"Yes, I know someone who hunts",FALSE,2,TRUE
R_3iJz6vrdSABm5qz,Gray wolf,FALSE,5,1,NA,FALSE,NA,NA,NA,NA,NA,NA,NA,-4,4,2.6666666666666665,2.6666666666666665,89,"Yes, I know someone who hunts",FALSE,2,TRUE
R_3iJz6vrdSABm5qz,Mallard duck,TRUE,5,5,Stable/least concern,FALSE,2,3,3,3,1,1,1,0,4,2.6666666666666665,2.6666666666666665,89,"Yes, I know someone who hunts",FALSE,2,TRUE
R_3iJz6vrdSABm5qz,Raccoon,FALSE,2,5,NA,FALSE,NA,NA,NA,NA,NA,NA,NA,3,4,2.6666666666666665,2.6666666666666665,89,"Yes, I know someone who hunts",FALSE,2,TRUE
R_3iJz6vrdSABm5qz,Rattlesnake,TRUE,1,4,NA,TRUE,1,1,1,4,1,4,1,3,4,2.6666666666666665,2.6666666666666665,89,"Yes, I know someone who hunts",FALSE,2,TRUE
R_3iJz6vrdSABm5qz,Striped skunk,FALSE,4,4,NA,FALSE,NA,NA,NA,NA,NA,NA,NA,0,4,2.6666666666666665,2.6666666666666665,89,"Yes, I know someone who hunts",FALSE,2,TRUE
R_3iJz6vrdSABm5qz,Tundra swan,FALSE,5,1,NA,FALSE,NA,NA,NA,NA,NA,NA,NA,-4,4,2.6666666666666665,2.6666666666666665,89,"Yes, I know someone who hunts",FALSE,2,TRUE
R_3iJz6vrdSABm5qz,White-tailed deer,FALSE,4,5,NA,FALSE,NA,NA,NA,NA,NA,NA,NA,1,4,2.6666666666666665,2.6666666666666665,89,"Yes, I know someone who hunts",FALSE,2,TRUE
R_3imo93rzF1hWVXW,African savanna elephant,FALSE,5,1,NA,FALSE,NA,NA,NA,NA,NA,NA,NA,-4,3.6666666666666665,2.6666666666666665,1.8333333333333333,88,No,TRUE,2,TRUE
R_3imo93rzF1hWVXW,American crow,TRUE,5,1,Overabundant,FALSE,2,5,1,1,1,1,2,-4,3.6666666666666665,2.6666666666666665,1.8333333333333333,88,No,TRUE,2,TRUE
R_3imo93rzF1hWVXW,American robin,TRUE,4,1,Stable/least concern,FALSE,2,5,2,1,1,1,1,-3,3.6666666666666665,2.6666666666666665,1.8333333333333333,88,No,TRUE,2,TRUE
R_3imo93rzF1hWVXW,Bald eagle,TRUE,4,1,Stable/least concern,FALSE,1,5,2,1,1,1,1,-3,3.6666666666666665,2.6666666666666665,1.8333333333333333,88,No,TRUE,2,TRUE
R_3imo93rzF1hWVXW,Bison,FALSE,5,3,NA,FALSE,NA,NA,NA,NA,NA,NA,NA,-2,3.6666666666666665,2.6666666666666665,1.8333333333333333,88,No,TRUE,2,TRUE
R_3imo93rzF1hWVXW,Black bear,FALSE,5,1,NA,FALSE,NA,NA,NA,NA,NA,NA,NA,-4,3.6666666666666665,2.6666666666666665,1.8333333333333333,88,No,TRUE,2,TRUE
R_3imo93rzF1hWVXW,Brown rat,FALSE,2,3,NA,FALSE,NA,NA,NA,NA,NA,NA,NA,1,3.6666666666666665,2.6666666666666665,1.8333333333333333,88,No,TRUE,2,TRUE
R_3imo93rzF1hWVXW,Cougar,FALSE,5,2,NA,FALSE,NA,NA,NA,NA,NA,NA,NA,-3,3.6666666666666665,2.6666666666666665,1.8333333333333333,88,No,TRUE,2,TRUE
R_3imo93rzF1hWVXW,Coyote,FALSE,5,1,NA,FALSE,NA,NA,NA,NA,NA,NA,NA,-4,3.6666666666666665,2.6666666666666665,1.8333333333333333,88,No,TRUE,2,TRUE
R_3imo93rzF1hWVXW,Elk,FALSE,5,4,NA,FALSE,NA,NA,NA,NA,NA,NA,NA,-1,3.6666666666666665,2.6666666666666665,1.8333333333333333,88,No,TRUE,2,TRUE
R_3imo93rzF1hWVXW,Gray wolf,TRUE,5,1,Of concern/vulnerable,FALSE,1,5,5,1,3,1,3,-4,3.6666666666666665,2.6666666666666665,1.8333333333333333,88,No,TRUE,2,TRUE
R_3imo93rzF1hWVXW,Mallard duck,TRUE,4,4,Stable/least concern,FALSE,3,5,1,1,1,1,1,0,3.6666666666666665,2.6666666666666665,1.8333333333333333,88,No,TRUE,2,TRUE
R_3imo93rzF1hWVXW,Raccoon,FALSE,4,2,NA,FALSE,NA,NA,NA,NA,NA,NA,NA,-2,3.6666666666666665,2.6666666666666665,1.8333333333333333,88,No,TRUE,2,TRUE
R_3imo93rzF1hWVXW,Rattlesnake,FALSE,4,2,NA,FALSE,NA,NA,NA,NA,NA,NA,NA,-2,3.6666666666666665,2.6666666666666665,1.8333333333333333,88,No,TRUE,2,TRUE
R_3imo93rzF1hWVXW,Striped skunk,FALSE,5,2,NA,FALSE,NA,NA,NA,NA,NA,NA,NA,-3,3.6666666666666665,2.6666666666666665,1.8333333333333333,88,No,TRUE,2,TRUE
R_3imo93rzF1hWVXW,Tundra swan,FALSE,4,1,NA,FALSE,NA,NA,NA,NA,NA,NA,NA,-3,3.6666666666666665,2.6666666666666665,1.8333333333333333,88,No,TRUE,2,TRUE
R_3imo93rzF1hWVXW,White-tailed deer,FALSE,4,4,NA,FALSE,NA,NA,NA,NA,NA,NA,NA,0,3.6666666666666665,2.6666666666666665,1.8333333333333333,88,No,TRUE,2,TRUE
R_3oBDgzY9OnUbhFF,African savanna elephant,FALSE,5,4,NA,FALSE,NA,NA,NA,NA,NA,NA,NA,-1,3,4.333333333333333,1.8333333333333333,90,"Yes, I hunt or have hunted in the past",FALSE,4,TRUE
R_3oBDgzY9OnUbhFF,American crow,FALSE,4,2,NA,FALSE,NA,NA,NA,NA,NA,NA,NA,-2,3,4.333333333333333,1.8333333333333333,90,"Yes, I hunt or have hunted in the past",FALSE,4,TRUE
R_3oBDgzY9OnUbhFF,American robin,FALSE,5,1,NA,FALSE,NA,NA,NA,NA,NA,NA,NA,-4,3,4.333333333333333,1.8333333333333333,90,"Yes, I hunt or have hunted in the past",FALSE,4,TRUE
R_3oBDgzY9OnUbhFF,Bald eagle,FALSE,5,1,NA,FALSE,NA,NA,NA,NA,NA,NA,NA,-4,3,4.333333333333333,1.8333333333333333,90,"Yes, I hunt or have hunted in the past",FALSE,4,TRUE
R_3oBDgzY9OnUbhFF,Bison,FALSE,5,1,NA,FALSE,NA,NA,NA,NA,NA,NA,NA,-4,3,4.333333333333333,1.8333333333333333,90,"Yes, I hunt or have hunted in the past",FALSE,4,TRUE
R_3oBDgzY9OnUbhFF,Black bear,FALSE,4,4,NA,FALSE,NA,NA,NA,NA,NA,NA,NA,0,3,4.333333333333333,1.8333333333333333,90,"Yes, I hunt or have hunted in the past",FALSE,4,TRUE
R_3oBDgzY9OnUbhFF,Brown rat,FALSE,1,1,NA,FALSE,NA,NA,NA,NA,NA,NA,NA,0,3,4.333333333333333,1.8333333333333333,90,"Yes, I hunt or have hunted in the past",FALSE,4,TRUE
R_3oBDgzY9OnUbhFF,Cougar,FALSE,4,4,NA,FALSE,NA,NA,NA,NA,NA,NA,NA,0,3,4.333333333333333,1.8333333333333333,90,"Yes, I hunt or have hunted in the past",FALSE,4,TRUE
R_3oBDgzY9OnUbhFF,Coyote,FALSE,5,4,NA,FALSE,NA,NA,NA,NA,NA,NA,NA,-1,3,4.333333333333333,1.8333333333333333,90,"Yes, I hunt or have hunted in the past",FALSE,4,TRUE
R_3oBDgzY9OnUbhFF,Elk,TRUE,5,5,Stable/least concern,FALSE,5,5,4,6,3,2,2,0,3,4.333333333333333,1.8333333333333333,90,"Yes, I hunt or have hunted in the past",FALSE,4,TRUE
R_3oBDgzY9OnUbhFF,Gray wolf,TRUE,5,2,Threatened,FALSE,1,3,5,5,6,3,3,-3,3,4.333333333333333,1.8333333333333333,90,"Yes, I hunt or have hunted in the past",FALSE,4,TRUE
R_3oBDgzY9OnUbhFF,Mallard duck,FALSE,4,5,NA,FALSE,NA,NA,NA,NA,NA,NA,NA,1,3,4.333333333333333,1.8333333333333333,90,"Yes, I hunt or have hunted in the past",FALSE,4,TRUE
R_3oBDgzY9OnUbhFF,Raccoon,TRUE,4,2,Overabundant,FALSE,1,4,3,1,1,2,3,-2,3,4.333333333333333,1.8333333333333333,90,"Yes, I hunt or have hunted in the past",FALSE,4,TRUE
R_3oBDgzY9OnUbhFF,Rattlesnake,FALSE,2,2,NA,FALSE,NA,NA,NA,NA,NA,NA,NA,0,3,4.333333333333333,1.8333333333333333,90,"Yes, I hunt or have hunted in the past",FALSE,4,TRUE
R_3oBDgzY9OnUbhFF,Striped skunk,FALSE,4,2,NA,FALSE,NA,NA,NA,NA,NA,NA,NA,-2,3,4.333333333333333,1.8333333333333333,90,"Yes, I hunt or have hunted in the past",FALSE,4,TRUE
R_3oBDgzY9OnUbhFF,Tundra swan,TRUE,5,3,NA,TRUE,4,1,5,4,4,1,1,-2,3,4.333333333333333,1.8333333333333333,90,"Yes, I hunt or have hunted in the past",FALSE,4,TRUE
R_3oBDgzY9OnUbhFF,White-tailed deer,TRUE,4,5,Overabundant,FALSE,4,5,3,5,2,2,3,1,3,4.333333333333333,1.8333333333333333,90,"Yes, I hunt or have hunted in the past",FALSE,4,TRUE
R_3txtGngEdhYyI16,African savanna elephant,FALSE,5,2,NA,FALSE,NA,NA,NA,NA,NA,NA,NA,-3,5,3.6666666666666665,2.1666666666666665,47,"Yes, I hunt or have hunted in the past",TRUE,4,TRUE
R_3txtGngEdhYyI16,American crow,TRUE,4,4,Overabundant,FALSE,2,5,5,2,1,2,3,0,5,3.6666666666666665,2.1666666666666665,47,"Yes, I hunt or have hunted in the past",TRUE,4,TRUE
R_3txtGngEdhYyI16,American robin,FALSE,5,2,NA,FALSE,NA,NA,NA,NA,NA,NA,NA,-3,5,3.6666666666666665,2.1666666666666665,47,"Yes, I hunt or have hunted in the past",TRUE,4,TRUE
R_3txtGngEdhYyI16,Bald eagle,TRUE,5,2,Stable/least concern,FALSE,3,5,5,6,2,2,2,-3,5,3.6666666666666665,2.1666666666666665,47,"Yes, I hunt or have hunted in the past",TRUE,4,TRUE
R_3txtGngEdhYyI16,Bison,FALSE,5,4,NA,FALSE,NA,NA,NA,NA,NA,NA,NA,-1,5,3.6666666666666665,2.1666666666666665,47,"Yes, I hunt or have hunted in the past",TRUE,4,TRUE
R_3txtGngEdhYyI16,Black bear,FALSE,5,5,NA,FALSE,NA,NA,NA,NA,NA,NA,NA,0,5,3.6666666666666665,2.1666666666666665,47,"Yes, I hunt or have hunted in the past",TRUE,4,TRUE
R_3txtGngEdhYyI16,Brown rat,FALSE,4,5,NA,FALSE,NA,NA,NA,NA,NA,NA,NA,1,5,3.6666666666666665,2.1666666666666665,47,"Yes, I hunt or have hunted in the past",TRUE,4,TRUE
R_3txtGngEdhYyI16,Cougar,FALSE,5,5,NA,FALSE,NA,NA,NA,NA,NA,NA,NA,0,5,3.6666666666666665,2.1666666666666665,47,"Yes, I hunt or have hunted in the past",TRUE,4,TRUE
R_3txtGngEdhYyI16,Coyote,FALSE,4,5,NA,FALSE,NA,NA,NA,NA,NA,NA,NA,1,5,3.6666666666666665,2.1666666666666665,47,"Yes, I hunt or have hunted in the past",TRUE,4,TRUE
R_3txtGngEdhYyI16,Elk,FALSE,5,5,NA,FALSE,NA,NA,NA,NA,NA,NA,NA,0,5,3.6666666666666665,2.1666666666666665,47,"Yes, I hunt or have hunted in the past",TRUE,4,TRUE
R_3txtGngEdhYyI16,Gray wolf,FALSE,5,5,NA,FALSE,NA,NA,NA,NA,NA,NA,NA,0,5,3.6666666666666665,2.1666666666666665,47,"Yes, I hunt or have hunted in the past",TRUE,4,TRUE
R_3txtGngEdhYyI16,Mallard duck,FALSE,4,5,NA,FALSE,NA,NA,NA,NA,NA,NA,NA,1,5,3.6666666666666665,2.1666666666666665,47,"Yes, I hunt or have hunted in the past",TRUE,4,TRUE
R_3txtGngEdhYyI16,Raccoon,TRUE,4,5,Overabundant,FALSE,3,3,5,2,1,2,4,1,5,3.6666666666666665,2.1666666666666665,47,"Yes, I hunt or have hunted in the past",TRUE,4,TRUE
R_3txtGngEdhYyI16,Rattlesnake,FALSE,4,5,NA,FALSE,NA,NA,NA,NA,NA,NA,NA,1,5,3.6666666666666665,2.1666666666666665,47,"Yes, I hunt or have hunted in the past",TRUE,4,TRUE
R_3txtGngEdhYyI16,Striped skunk,TRUE,4,3,Stable/least concern,FALSE,2,2,5,2,1,2,3,-1,5,3.6666666666666665,2.1666666666666665,47,"Yes, I hunt or have hunted in the past",TRUE,4,TRUE
R_3txtGngEdhYyI16,Tundra swan,TRUE,5,2,Threatened,FALSE,3,1,5,4,2,1,1,-3,5,3.6666666666666665,2.1666666666666665,47,"Yes, I hunt or have hunted in the past",TRUE,4,TRUE
R_3txtGngEdhYyI16,White-tailed deer,FALSE,5,5,NA,FALSE,NA,NA,NA,NA,NA,NA,NA,0,5,3.6666666666666665,2.1666666666666665,47,"Yes, I hunt or have hunted in the past",TRUE,4,TRUE
R_3waZLy3Ub7ygyHv,African savanna elephant,FALSE,5,1,NA,FALSE,NA,NA,NA,NA,NA,NA,NA,-4,5.666666666666667,3,1.6666666666666667,81,"Yes, I know someone who hunts",TRUE,2,TRUE
R_3waZLy3Ub7ygyHv,American crow,FALSE,4,1,NA,FALSE,NA,NA,NA,NA,NA,NA,NA,-3,5.666666666666667,3,1.6666666666666667,81,"Yes, I know someone who hunts",TRUE,2,TRUE
R_3waZLy3Ub7ygyHv,American robin,FALSE,5,1,NA,FALSE,NA,NA,NA,NA,NA,NA,NA,-4,5.666666666666667,3,1.6666666666666667,81,"Yes, I know someone who hunts",TRUE,2,TRUE
R_3waZLy3Ub7ygyHv,Bald eagle,FALSE,5,1,NA,FALSE,NA,NA,NA,NA,NA,NA,NA,-4,5.666666666666667,3,1.6666666666666667,81,"Yes, I know someone who hunts",TRUE,2,TRUE
R_3waZLy3Ub7ygyHv,Bison,FALSE,4,1,NA,FALSE,NA,NA,NA,NA,NA,NA,NA,-3,5.666666666666667,3,1.6666666666666667,81,"Yes, I know someone who hunts",TRUE,2,TRUE
R_3waZLy3Ub7ygyHv,Black bear,TRUE,4,1,Of concern/vulnerable,FALSE,1,2,1,4,2,3,3,-3,5.666666666666667,3,1.6666666666666667,81,"Yes, I know someone who hunts",TRUE,2,TRUE
R_3waZLy3Ub7ygyHv,Brown rat,FALSE,2,1,NA,FALSE,NA,NA,NA,NA,NA,NA,NA,-1,5.666666666666667,3,1.6666666666666667,81,"Yes, I know someone who hunts",TRUE,2,TRUE
R_3waZLy3Ub7ygyHv,Cougar,FALSE,4,1,NA,FALSE,NA,NA,NA,NA,NA,NA,NA,-3,5.666666666666667,3,1.6666666666666667,81,"Yes, I know someone who hunts",TRUE,2,TRUE
R_3waZLy3Ub7ygyHv,Coyote,TRUE,3,2,Stable/least concern,FALSE,1,2,1,2,2,2,4,-1,5.666666666666667,3,1.6666666666666667,81,"Yes, I know someone who hunts",TRUE,2,TRUE
R_3waZLy3Ub7ygyHv,Elk,FALSE,5,1,NA,FALSE,NA,NA,NA,NA,NA,NA,NA,-4,5.666666666666667,3,1.6666666666666667,81,"Yes, I know someone who hunts",TRUE,2,TRUE
R_3waZLy3Ub7ygyHv,Gray wolf,FALSE,5,1,NA,FALSE,NA,NA,NA,NA,NA,NA,NA,-4,5.666666666666667,3,1.6666666666666667,81,"Yes, I know someone who hunts",TRUE,2,TRUE
R_3waZLy3Ub7ygyHv,Mallard duck,FALSE,4,1,NA,FALSE,NA,NA,NA,NA,NA,NA,NA,-3,5.666666666666667,3,1.6666666666666667,81,"Yes, I know someone who hunts",TRUE,2,TRUE
R_3waZLy3Ub7ygyHv,Raccoon,TRUE,4,1,Overabundant,FALSE,1,2,1,2,2,2,3,-3,5.666666666666667,3,1.6666666666666667,81,"Yes, I know someone who hunts",TRUE,2,TRUE
R_3waZLy3Ub7ygyHv,Rattlesnake,TRUE,2,1,NA,TRUE,2,1,1,2,2,3,1,-1,5.666666666666667,3,1.6666666666666667,81,"Yes, I know someone who hunts",TRUE,2,TRUE
R_3waZLy3Ub7ygyHv,Striped skunk,FALSE,2,1,NA,FALSE,NA,NA,NA,NA,NA,NA,NA,-1,5.666666666666667,3,1.6666666666666667,81,"Yes, I know someone who hunts",TRUE,2,TRUE
R_3waZLy3Ub7ygyHv,Tundra swan,FALSE,4,1,NA,FALSE,NA,NA,NA,NA,NA,NA,NA,-3,5.666666666666667,3,1.6666666666666667,81,"Yes, I know someone who hunts",TRUE,2,TRUE
R_3waZLy3Ub7ygyHv,White-tailed deer,TRUE,4,1,Stable/least concern,FALSE,4,2,1,3,2,1,3,-3,5.666666666666667,3,1.6666666666666667,81,"Yes, I know someone who hunts",TRUE,2,TRUE
R_3yKs02hxZDlyayd,African savanna elephant,TRUE,1,1,Stable/least concern,FALSE,3,2,2,4,3,2,3,0,2.3333333333333335,3.3333333333333335,2.3333333333333335,27,"Yes, I hunt or have hunted in the past",TRUE,2,TRUE
R_3yKs02hxZDlyayd,American crow,FALSE,2,3,NA,FALSE,NA,NA,NA,NA,NA,NA,NA,1,2.3333333333333335,3.3333333333333335,2.3333333333333335,27,"Yes, I hunt or have hunted in the past",TRUE,2,TRUE
R_3yKs02hxZDlyayd,American robin,FALSE,4,4,NA,FALSE,NA,NA,NA,NA,NA,NA,NA,0,2.3333333333333335,3.3333333333333335,2.3333333333333335,27,"Yes, I hunt or have hunted in the past",TRUE,2,TRUE
R_3yKs02hxZDlyayd,Bald eagle,FALSE,2,4,NA,FALSE,NA,NA,NA,NA,NA,NA,NA,2,2.3333333333333335,3.3333333333333335,2.3333333333333335,27,"Yes, I hunt or have hunted in the past",TRUE,2,TRUE
R_3yKs02hxZDlyayd,Bison,TRUE,2,3,NA,TRUE,1,2,2,2,4,3,3,1,2.3333333333333335,3.3333333333333335,2.3333333333333335,27,"Yes, I hunt or have hunted in the past",TRUE,2,TRUE
R_3yKs02hxZDlyayd,Black bear,FALSE,2,2,NA,FALSE,NA,NA,NA,NA,NA,NA,NA,0,2.3333333333333335,3.3333333333333335,2.3333333333333335,27,"Yes, I hunt or have hunted in the past",TRUE,2,TRUE
R_3yKs02hxZDlyayd,Brown rat,FALSE,5,3,NA,FALSE,NA,NA,NA,NA,NA,NA,NA,-2,2.3333333333333335,3.3333333333333335,2.3333333333333335,27,"Yes, I hunt or have hunted in the past",TRUE,2,TRUE
R_3yKs02hxZDlyayd,Cougar,FALSE,4,3,NA,FALSE,NA,NA,NA,NA,NA,NA,NA,-1,2.3333333333333335,3.3333333333333335,2.3333333333333335,27,"Yes, I hunt or have hunted in the past",TRUE,2,TRUE
R_3yKs02hxZDlyayd,Coyote,TRUE,1,5,Of concern/vulnerable,FALSE,2,2,3,2,4,2,2,4,2.3333333333333335,3.3333333333333335,2.3333333333333335,27,"Yes, I hunt or have hunted in the past",TRUE,2,TRUE
R_3yKs02hxZDlyayd,Elk,FALSE,2,2,NA,FALSE,NA,NA,NA,NA,NA,NA,NA,0,2.3333333333333335,3.3333333333333335,2.3333333333333335,27,"Yes, I hunt or have hunted in the past",TRUE,2,TRUE
R_3yKs02hxZDlyayd,Gray wolf,TRUE,1,5,Of concern/vulnerable,FALSE,2,3,4,3,3,2,2,4,2.3333333333333335,3.3333333333333335,2.3333333333333335,27,"Yes, I hunt or have hunted in the past",TRUE,2,TRUE
R_3yKs02hxZDlyayd,Mallard duck,TRUE,3,3,Stable/least concern,FALSE,2,2,3,2,4,2,3,0,2.3333333333333335,3.3333333333333335,2.3333333333333335,27,"Yes, I hunt or have hunted in the past",TRUE,2,TRUE
R_3yKs02hxZDlyayd,Raccoon,FALSE,1,5,NA,FALSE,NA,NA,NA,NA,NA,NA,NA,4,2.3333333333333335,3.3333333333333335,2.3333333333333335,27,"Yes, I hunt or have hunted in the past",TRUE,2,TRUE
R_3yKs02hxZDlyayd,Rattlesnake,FALSE,3,3,NA,FALSE,NA,NA,NA,NA,NA,NA,NA,0,2.3333333333333335,3.3333333333333335,2.3333333333333335,27,"Yes, I hunt or have hunted in the past",TRUE,2,TRUE
R_3yKs02hxZDlyayd,Striped skunk,FALSE,3,2,NA,FALSE,NA,NA,NA,NA,NA,NA,NA,-1,2.3333333333333335,3.3333333333333335,2.3333333333333335,27,"Yes, I hunt or have hunted in the past",TRUE,2,TRUE
R_3yKs02hxZDlyayd,Tundra swan,FALSE,1,4,NA,FALSE,NA,NA,NA,NA,NA,NA,NA,3,2.3333333333333335,3.3333333333333335,2.3333333333333335,27,"Yes, I hunt or have hunted in the past",TRUE,2,TRUE
R_3yKs02hxZDlyayd,White-tailed deer,FALSE,3,2,NA,FALSE,NA,NA,NA,NA,NA,NA,NA,-1,2.3333333333333335,3.3333333333333335,2.3333333333333335,27,"Yes, I hunt or have hunted in the past",TRUE,2,TRUE
R_51Jj666kDrlntO9,African savanna elephant,TRUE,1,3,Of concern/vulnerable,FALSE,2,2,1,3,2,2,3,2,2.6666666666666665,3.6666666666666665,2.5,75,No,FALSE,3,TRUE
R_51Jj666kDrlntO9,American crow,TRUE,2,3,NA,TRUE,3,3,4,3,3,3,2,1,2.6666666666666665,3.6666666666666665,2.5,75,No,FALSE,3,TRUE
R_51Jj666kDrlntO9,American robin,TRUE,3,3,Stable/least concern,FALSE,3,1,2,4,4,4,4,0,2.6666666666666665,3.6666666666666665,2.5,75,No,FALSE,3,TRUE
R_51Jj666kDrlntO9,Bald eagle,FALSE,4,3,NA,FALSE,NA,NA,NA,NA,NA,NA,NA,-1,2.6666666666666665,3.6666666666666665,2.5,75,No,FALSE,3,TRUE
R_51Jj666kDrlntO9,Bison,TRUE,4,3,NA,TRUE,4,1,3,5,4,4,4,-1,2.6666666666666665,3.6666666666666665,2.5,75,No,FALSE,3,TRUE
R_51Jj666kDrlntO9,Black bear,FALSE,3,4,NA,FALSE,NA,NA,NA,NA,NA,NA,NA,1,2.6666666666666665,3.6666666666666665,2.5,75,No,FALSE,3,TRUE
R_51Jj666kDrlntO9,Brown rat,FALSE,4,2,NA,FALSE,NA,NA,NA,NA,NA,NA,NA,-2,2.6666666666666665,3.6666666666666665,2.5,75,No,FALSE,3,TRUE
R_51Jj666kDrlntO9,Cougar,FALSE,2,2,NA,FALSE,NA,NA,NA,NA,NA,NA,NA,0,2.6666666666666665,3.6666666666666665,2.5,75,No,FALSE,3,TRUE
R_51Jj666kDrlntO9,Coyote,FALSE,2,4,NA,FALSE,NA,NA,NA,NA,NA,NA,NA,2,2.6666666666666665,3.6666666666666665,2.5,75,No,FALSE,3,TRUE
R_51Jj666kDrlntO9,Elk,FALSE,2,2,NA,FALSE,NA,NA,NA,NA,NA,NA,NA,0,2.6666666666666665,3.6666666666666665,2.5,75,No,FALSE,3,TRUE
R_51Jj666kDrlntO9,Gray wolf,FALSE,2,3,NA,FALSE,NA,NA,NA,NA,NA,NA,NA,1,2.6666666666666665,3.6666666666666665,2.5,75,No,FALSE,3,TRUE
R_51Jj666kDrlntO9,Mallard duck,FALSE,3,4,NA,FALSE,NA,NA,NA,NA,NA,NA,NA,1,2.6666666666666665,3.6666666666666665,2.5,75,No,FALSE,3,TRUE
R_51Jj666kDrlntO9,Raccoon,FALSE,1,3,NA,FALSE,NA,NA,NA,NA,NA,NA,NA,2,2.6666666666666665,3.6666666666666665,2.5,75,No,FALSE,3,TRUE
R_51Jj666kDrlntO9,Rattlesnake,FALSE,3,2,NA,FALSE,NA,NA,NA,NA,NA,NA,NA,-1,2.6666666666666665,3.6666666666666665,2.5,75,No,FALSE,3,TRUE
R_51Jj666kDrlntO9,Striped skunk,TRUE,2,3,NA,TRUE,4,3,4,3,5,3,4,1,2.6666666666666665,3.6666666666666665,2.5,75,No,FALSE,3,TRUE
R_51Jj666kDrlntO9,Tundra swan,FALSE,2,3,NA,FALSE,NA,NA,NA,NA,NA,NA,NA,1,2.6666666666666665,3.6666666666666665,2.5,75,No,FALSE,3,TRUE
R_51Jj666kDrlntO9,White-tailed deer,FALSE,3,4,NA,FALSE,NA,NA,NA,NA,NA,NA,NA,1,2.6666666666666665,3.6666666666666665,2.5,75,No,FALSE,3,TRUE
R_5JRDvhXCuaxQUFj,African savanna elephant,FALSE,5,1,NA,FALSE,NA,NA,NA,NA,NA,NA,NA,-4,7,3.3333333333333335,2,100,"Yes, I know someone who hunts",TRUE,2,TRUE
R_5JRDvhXCuaxQUFj,American crow,FALSE,5,1,NA,FALSE,NA,NA,NA,NA,NA,NA,NA,-4,7,3.3333333333333335,2,100,"Yes, I know someone who hunts",TRUE,2,TRUE
R_5JRDvhXCuaxQUFj,American robin,TRUE,4,1,Stable/least concern,FALSE,1,5,3,1,1,1,1,-3,7,3.3333333333333335,2,100,"Yes, I know someone who hunts",TRUE,2,TRUE
R_5JRDvhXCuaxQUFj,Bald eagle,FALSE,3,1,NA,FALSE,NA,NA,NA,NA,NA,NA,NA,-2,7,3.3333333333333335,2,100,"Yes, I know someone who hunts",TRUE,2,TRUE
R_5JRDvhXCuaxQUFj,Bison,FALSE,3,4,NA,FALSE,NA,NA,NA,NA,NA,NA,NA,1,7,3.3333333333333335,2,100,"Yes, I know someone who hunts",TRUE,2,TRUE
R_5JRDvhXCuaxQUFj,Black bear,FALSE,3,4,NA,FALSE,NA,NA,NA,NA,NA,NA,NA,1,7,3.3333333333333335,2,100,"Yes, I know someone who hunts",TRUE,2,TRUE
R_5JRDvhXCuaxQUFj,Brown rat,FALSE,2,4,NA,FALSE,NA,NA,NA,NA,NA,NA,NA,2,7,3.3333333333333335,2,100,"Yes, I know someone who hunts",TRUE,2,TRUE
R_5JRDvhXCuaxQUFj,Cougar,TRUE,5,1,Critically endangered,FALSE,1,1,5,6,5,2,2,-4,7,3.3333333333333335,2,100,"Yes, I know someone who hunts",TRUE,2,TRUE
R_5JRDvhXCuaxQUFj,Coyote,TRUE,4,2,Stable/least concern,FALSE,1,1,4,3,2,1,2,-2,7,3.3333333333333335,2,100,"Yes, I know someone who hunts",TRUE,2,TRUE
R_5JRDvhXCuaxQUFj,Elk,FALSE,3,4,NA,FALSE,NA,NA,NA,NA,NA,NA,NA,1,7,3.3333333333333335,2,100,"Yes, I know someone who hunts",TRUE,2,TRUE
R_5JRDvhXCuaxQUFj,Gray wolf,FALSE,5,1,NA,FALSE,NA,NA,NA,NA,NA,NA,NA,-4,7,3.3333333333333335,2,100,"Yes, I know someone who hunts",TRUE,2,TRUE
R_5JRDvhXCuaxQUFj,Mallard duck,TRUE,1,4,Overabundant,FALSE,4,4,2,1,1,1,3,3,7,3.3333333333333335,2,100,"Yes, I know someone who hunts",TRUE,2,TRUE
R_5JRDvhXCuaxQUFj,Raccoon,FALSE,5,1,NA,FALSE,NA,NA,NA,NA,NA,NA,NA,-4,7,3.3333333333333335,2,100,"Yes, I know someone who hunts",TRUE,2,TRUE
R_5JRDvhXCuaxQUFj,Rattlesnake,FALSE,2,4,NA,FALSE,NA,NA,NA,NA,NA,NA,NA,2,7,3.3333333333333335,2,100,"Yes, I know someone who hunts",TRUE,2,TRUE
R_5JRDvhXCuaxQUFj,Striped skunk,FALSE,5,1,NA,FALSE,NA,NA,NA,NA,NA,NA,NA,-4,7,3.3333333333333335,2,100,"Yes, I know someone who hunts",TRUE,2,TRUE
R_5JRDvhXCuaxQUFj,Tundra swan,TRUE,4,1,Of concern/vulnerable,FALSE,1,1,5,1,3,1,1,-3,7,3.3333333333333335,2,100,"Yes, I know someone who hunts",TRUE,2,TRUE
R_5JRDvhXCuaxQUFj,White-tailed deer,FALSE,4,4,NA,FALSE,NA,NA,NA,NA,NA,NA,NA,0,7,3.3333333333333335,2,100,"Yes, I know someone who hunts",TRUE,2,TRUE
R_5OuCV9vdl5yW0r4,African savanna elephant,TRUE,5,1,Critically endangered,FALSE,1,1,5,5,3,2,1,-4,5.333333333333333,2,2.5,93,"Yes, I know someone who hunts",TRUE,1,TRUE
R_5OuCV9vdl5yW0r4,American crow,FALSE,5,1,NA,FALSE,NA,NA,NA,NA,NA,NA,NA,-4,5.333333333333333,2,2.5,93,"Yes, I know someone who hunts",TRUE,1,TRUE
R_5OuCV9vdl5yW0r4,American robin,FALSE,3,1,NA,FALSE,NA,NA,NA,NA,NA,NA,NA,-2,5.333333333333333,2,2.5,93,"Yes, I know someone who hunts",TRUE,1,TRUE
R_5OuCV9vdl5yW0r4,Bald eagle,FALSE,3,2,NA,FALSE,NA,NA,NA,NA,NA,NA,NA,-1,5.333333333333333,2,2.5,93,"Yes, I know someone who hunts",TRUE,1,TRUE
R_5OuCV9vdl5yW0r4,Bison,TRUE,5,1,Critically endangered,FALSE,4,2,4,4,3,2,1,-4,5.333333333333333,2,2.5,93,"Yes, I know someone who hunts",TRUE,1,TRUE
R_5OuCV9vdl5yW0r4,Black bear,FALSE,4,1,NA,FALSE,NA,NA,NA,NA,NA,NA,NA,-3,5.333333333333333,2,2.5,93,"Yes, I know someone who hunts",TRUE,1,TRUE
R_5OuCV9vdl5yW0r4,Brown rat,FALSE,1,4,NA,FALSE,NA,NA,NA,NA,NA,NA,NA,3,5.333333333333333,2,2.5,93,"Yes, I know someone who hunts",TRUE,1,TRUE
R_5OuCV9vdl5yW0r4,Cougar,FALSE,2,2,NA,FALSE,NA,NA,NA,NA,NA,NA,NA,0,5.333333333333333,2,2.5,93,"Yes, I know someone who hunts",TRUE,1,TRUE
R_5OuCV9vdl5yW0r4,Coyote,FALSE,1,4,NA,FALSE,NA,NA,NA,NA,NA,NA,NA,3,5.333333333333333,2,2.5,93,"Yes, I know someone who hunts",TRUE,1,TRUE
R_5OuCV9vdl5yW0r4,Elk,TRUE,5,1,Of concern/vulnerable,FALSE,4,1,4,3,2,2,1,-4,5.333333333333333,2,2.5,93,"Yes, I know someone who hunts",TRUE,1,TRUE
R_5OuCV9vdl5yW0r4,Gray wolf,TRUE,4,2,Threatened,FALSE,1,1,3,3,2,2,1,-2,5.333333333333333,2,2.5,93,"Yes, I know someone who hunts",TRUE,1,TRUE
R_5OuCV9vdl5yW0r4,Mallard duck,FALSE,3,1,NA,FALSE,NA,NA,NA,NA,NA,NA,NA,-2,5.333333333333333,2,2.5,93,"Yes, I know someone who hunts",TRUE,1,TRUE
R_5OuCV9vdl5yW0r4,Raccoon,FALSE,5,2,NA,FALSE,NA,NA,NA,NA,NA,NA,NA,-3,5.333333333333333,2,2.5,93,"Yes, I know someone who hunts",TRUE,1,TRUE
R_5OuCV9vdl5yW0r4,Rattlesnake,FALSE,1,2,NA,FALSE,NA,NA,NA,NA,NA,NA,NA,1,5.333333333333333,2,2.5,93,"Yes, I know someone who hunts",TRUE,1,TRUE
R_5OuCV9vdl5yW0r4,Striped skunk,FALSE,2,2,NA,FALSE,NA,NA,NA,NA,NA,NA,NA,0,5.333333333333333,2,2.5,93,"Yes, I know someone who hunts",TRUE,1,TRUE
R_5OuCV9vdl5yW0r4,Tundra swan,FALSE,2,1,NA,FALSE,NA,NA,NA,NA,NA,NA,NA,-1,5.333333333333333,2,2.5,93,"Yes, I know someone who hunts",TRUE,1,TRUE
R_5OuCV9vdl5yW0r4,White-tailed deer,TRUE,3,1,Stable/least concern,FALSE,1,3,1,1,1,1,1,-2,5.333333333333333,2,2.5,93,"Yes, I know someone who hunts",TRUE,1,TRUE
R_5eR9UKThDZYhc8L,African savanna elephant,FALSE,5,2,NA,FALSE,NA,NA,NA,NA,NA,NA,NA,-3,4,3.3333333333333335,3,50,"Yes, I hunt or have hunted in the past",TRUE,3,TRUE
R_5eR9UKThDZYhc8L,American crow,FALSE,1,5,NA,FALSE,NA,NA,NA,NA,NA,NA,NA,4,4,3.3333333333333335,3,50,"Yes, I hunt or have hunted in the past",TRUE,3,TRUE
R_5eR9UKThDZYhc8L,American robin,TRUE,5,1,Stable/least concern,FALSE,1,5,4,1,1,1,1,-4,4,3.3333333333333335,3,50,"Yes, I hunt or have hunted in the past",TRUE,3,TRUE
R_5eR9UKThDZYhc8L,Bald eagle,TRUE,4,1,Of concern/vulnerable,FALSE,1,5,4,1,1,1,1,-3,4,3.3333333333333335,3,50,"Yes, I hunt or have hunted in the past",TRUE,3,TRUE
R_5eR9UKThDZYhc8L,Bison,FALSE,5,2,NA,FALSE,NA,NA,NA,NA,NA,NA,NA,-3,4,3.3333333333333335,3,50,"Yes, I hunt or have hunted in the past",TRUE,3,TRUE
R_5eR9UKThDZYhc8L,Black bear,FALSE,5,5,NA,FALSE,NA,NA,NA,NA,NA,NA,NA,0,4,3.3333333333333335,3,50,"Yes, I hunt or have hunted in the past",TRUE,3,TRUE
R_5eR9UKThDZYhc8L,Brown rat,FALSE,1,3,NA,FALSE,NA,NA,NA,NA,NA,NA,NA,2,4,3.3333333333333335,3,50,"Yes, I hunt or have hunted in the past",TRUE,3,TRUE
R_5eR9UKThDZYhc8L,Cougar,FALSE,2,5,NA,FALSE,NA,NA,NA,NA,NA,NA,NA,3,4,3.3333333333333335,3,50,"Yes, I hunt or have hunted in the past",TRUE,3,TRUE
R_5eR9UKThDZYhc8L,Coyote,FALSE,2,5,NA,FALSE,NA,NA,NA,NA,NA,NA,NA,3,4,3.3333333333333335,3,50,"Yes, I hunt or have hunted in the past",TRUE,3,TRUE
R_5eR9UKThDZYhc8L,Elk,FALSE,5,5,NA,FALSE,NA,NA,NA,NA,NA,NA,NA,0,4,3.3333333333333335,3,50,"Yes, I hunt or have hunted in the past",TRUE,3,TRUE
R_5eR9UKThDZYhc8L,Gray wolf,TRUE,5,4,Of concern/vulnerable,FALSE,1,1,3,6,1,3,2,-1,4,3.3333333333333335,3,50,"Yes, I hunt or have hunted in the past",TRUE,3,TRUE
R_5eR9UKThDZYhc8L,Mallard duck,FALSE,5,5,NA,FALSE,NA,NA,NA,NA,NA,NA,NA,0,4,3.3333333333333335,3,50,"Yes, I hunt or have hunted in the past",TRUE,3,TRUE
R_5eR9UKThDZYhc8L,Raccoon,TRUE,3,5,Overabundant,FALSE,1,5,3,3,1,3,3,2,4,3.3333333333333335,3,50,"Yes, I hunt or have hunted in the past",TRUE,3,TRUE
R_5eR9UKThDZYhc8L,Rattlesnake,FALSE,2,3,NA,FALSE,NA,NA,NA,NA,NA,NA,NA,1,4,3.3333333333333335,3,50,"Yes, I hunt or have hunted in the past",TRUE,3,TRUE
R_5eR9UKThDZYhc8L,Striped skunk,FALSE,3,4,NA,FALSE,NA,NA,NA,NA,NA,NA,NA,1,4,3.3333333333333335,3,50,"Yes, I hunt or have hunted in the past",TRUE,3,TRUE
R_5eR9UKThDZYhc8L,Tundra swan,FALSE,5,3,NA,FALSE,NA,NA,NA,NA,NA,NA,NA,-2,4,3.3333333333333335,3,50,"Yes, I hunt or have hunted in the past",TRUE,3,TRUE
R_5eR9UKThDZYhc8L,White-tailed deer,TRUE,3,5,Overabundant,FALSE,5,5,3,6,1,2,5,2,4,3.3333333333333335,3,50,"Yes, I hunt or have hunted in the past",TRUE,3,TRUE
R_5fY3ghB9FFqyrgl,African savanna elephant,FALSE,3,2,NA,FALSE,NA,NA,NA,NA,NA,NA,NA,-1,5,1.6666666666666667,3.1666666666666665,28,"Yes, I know someone who hunts",FALSE,2,TRUE
R_5fY3ghB9FFqyrgl,American crow,FALSE,2,4,NA,FALSE,NA,NA,NA,NA,NA,NA,NA,2,5,1.6666666666666667,3.1666666666666665,28,"Yes, I know someone who hunts",FALSE,2,TRUE
R_5fY3ghB9FFqyrgl,American robin,TRUE,4,2,NA,TRUE,2,5,3,2,1,1,1,-2,5,1.6666666666666667,3.1666666666666665,28,"Yes, I know someone who hunts",FALSE,2,TRUE
R_5fY3ghB9FFqyrgl,Bald eagle,FALSE,5,1,NA,FALSE,NA,NA,NA,NA,NA,NA,NA,-4,5,1.6666666666666667,3.1666666666666665,28,"Yes, I know someone who hunts",FALSE,2,TRUE
R_5fY3ghB9FFqyrgl,Bison,TRUE,5,3,NA,TRUE,5,2,5,4,1,2,1,-2,5,1.6666666666666667,3.1666666666666665,28,"Yes, I know someone who hunts",FALSE,2,TRUE
R_5fY3ghB9FFqyrgl,Black bear,TRUE,4,3,NA,TRUE,4,1,5,5,3,2,1,-1,5,1.6666666666666667,3.1666666666666665,28,"Yes, I know someone who hunts",FALSE,2,TRUE
R_5fY3ghB9FFqyrgl,Brown rat,FALSE,3,3,NA,FALSE,NA,NA,NA,NA,NA,NA,NA,0,5,1.6666666666666667,3.1666666666666665,28,"Yes, I know someone who hunts",FALSE,2,TRUE
R_5fY3ghB9FFqyrgl,Cougar,TRUE,5,2,NA,TRUE,4,1,5,4,1,2,1,-3,5,1.6666666666666667,3.1666666666666665,28,"Yes, I know someone who hunts",FALSE,2,TRUE
R_5fY3ghB9FFqyrgl,Coyote,FALSE,2,4,NA,FALSE,NA,NA,NA,NA,NA,NA,NA,2,5,1.6666666666666667,3.1666666666666665,28,"Yes, I know someone who hunts",FALSE,2,TRUE
R_5fY3ghB9FFqyrgl,Elk,FALSE,4,4,NA,FALSE,NA,NA,NA,NA,NA,NA,NA,0,5,1.6666666666666667,3.1666666666666665,28,"Yes, I know someone who hunts",FALSE,2,TRUE
R_5fY3ghB9FFqyrgl,Gray wolf,FALSE,5,3,NA,FALSE,NA,NA,NA,NA,NA,NA,NA,-2,5,1.6666666666666667,3.1666666666666665,28,"Yes, I know someone who hunts",FALSE,2,TRUE
R_5fY3ghB9FFqyrgl,Mallard duck,FALSE,4,2,NA,FALSE,NA,NA,NA,NA,NA,NA,NA,-2,5,1.6666666666666667,3.1666666666666665,28,"Yes, I know someone who hunts",FALSE,2,TRUE
R_5fY3ghB9FFqyrgl,Raccoon,FALSE,3,3,NA,FALSE,NA,NA,NA,NA,NA,NA,NA,0,5,1.6666666666666667,3.1666666666666665,28,"Yes, I know someone who hunts",FALSE,2,TRUE
R_5fY3ghB9FFqyrgl,Rattlesnake,FALSE,2,3,NA,FALSE,NA,NA,NA,NA,NA,NA,NA,1,5,1.6666666666666667,3.1666666666666665,28,"Yes, I know someone who hunts",FALSE,2,TRUE
R_5fY3ghB9FFqyrgl,Striped skunk,FALSE,3,3,NA,FALSE,NA,NA,NA,NA,NA,NA,NA,0,5,1.6666666666666667,3.1666666666666665,28,"Yes, I know someone who hunts",FALSE,2,TRUE
R_5fY3ghB9FFqyrgl,Tundra swan,FALSE,3,3,NA,FALSE,NA,NA,NA,NA,NA,NA,NA,0,5,1.6666666666666667,3.1666666666666665,28,"Yes, I know someone who hunts",FALSE,2,TRUE
R_5fY3ghB9FFqyrgl,White-tailed deer,TRUE,4,4,Overabundant,FALSE,5,5,3,2,1,1,2,0,5,1.6666666666666667,3.1666666666666665,28,"Yes, I know someone who hunts",FALSE,2,TRUE
R_5sihjF4ipZnoVup,African savanna elephant,FALSE,5,1,NA,FALSE,NA,NA,NA,NA,NA,NA,NA,-4,4.333333333333333,3.3333333333333335,2.3333333333333335,82,No,TRUE,1,TRUE
R_5sihjF4ipZnoVup,American crow,TRUE,5,1,Stable/least concern,FALSE,2,5,3,1,1,1,1,-4,4.333333333333333,3.3333333333333335,2.3333333333333335,82,No,TRUE,1,TRUE
R_5sihjF4ipZnoVup,American robin,FALSE,4,3,NA,FALSE,NA,NA,NA,NA,NA,NA,NA,-1,4.333333333333333,3.3333333333333335,2.3333333333333335,82,No,TRUE,1,TRUE
R_5sihjF4ipZnoVup,Bald eagle,TRUE,4,2,Of concern/vulnerable,FALSE,2,4,4,6,3,1,2,-2,4.333333333333333,3.3333333333333335,2.3333333333333335,82,No,TRUE,1,TRUE
R_5sihjF4ipZnoVup,Bison,FALSE,4,3,NA,FALSE,NA,NA,NA,NA,NA,NA,NA,-1,4.333333333333333,3.3333333333333335,2.3333333333333335,82,No,TRUE,1,TRUE
R_5sihjF4ipZnoVup,Black bear,TRUE,3,2,Of concern/vulnerable,FALSE,1,1,1,6,3,1,2,-1,4.333333333333333,3.3333333333333335,2.3333333333333335,82,No,TRUE,1,TRUE
R_5sihjF4ipZnoVup,Brown rat,FALSE,3,4,NA,FALSE,NA,NA,NA,NA,NA,NA,NA,1,4.333333333333333,3.3333333333333335,2.3333333333333335,82,No,TRUE,1,TRUE
R_5sihjF4ipZnoVup,Cougar,FALSE,4,2,NA,FALSE,NA,NA,NA,NA,NA,NA,NA,-2,4.333333333333333,3.3333333333333335,2.3333333333333335,82,No,TRUE,1,TRUE
R_5sihjF4ipZnoVup,Coyote,FALSE,4,2,NA,FALSE,NA,NA,NA,NA,NA,NA,NA,-2,4.333333333333333,3.3333333333333335,2.3333333333333335,82,No,TRUE,1,TRUE
R_5sihjF4ipZnoVup,Elk,FALSE,3,4,NA,FALSE,NA,NA,NA,NA,NA,NA,NA,1,4.333333333333333,3.3333333333333335,2.3333333333333335,82,No,TRUE,1,TRUE
R_5sihjF4ipZnoVup,Gray wolf,FALSE,5,1,NA,FALSE,NA,NA,NA,NA,NA,NA,NA,-4,4.333333333333333,3.3333333333333335,2.3333333333333335,82,No,TRUE,1,TRUE
R_5sihjF4ipZnoVup,Mallard duck,FALSE,3,4,NA,FALSE,NA,NA,NA,NA,NA,NA,NA,1,4.333333333333333,3.3333333333333335,2.3333333333333335,82,No,TRUE,1,TRUE
R_5sihjF4ipZnoVup,Raccoon,TRUE,5,2,Stable/least concern,FALSE,1,5,3,1,1,1,2,-3,4.333333333333333,3.3333333333333335,2.3333333333333335,82,No,TRUE,1,TRUE
R_5sihjF4ipZnoVup,Rattlesnake,FALSE,3,4,NA,FALSE,NA,NA,NA,NA,NA,NA,NA,1,4.333333333333333,3.3333333333333335,2.3333333333333335,82,No,TRUE,1,TRUE
R_5sihjF4ipZnoVup,Striped skunk,TRUE,5,2,NA,TRUE,2,3,2,2,2,1,1,-3,4.333333333333333,3.3333333333333335,2.3333333333333335,82,No,TRUE,1,TRUE
R_5sihjF4ipZnoVup,Tundra swan,FALSE,3,1,NA,FALSE,NA,NA,NA,NA,NA,NA,NA,-2,4.333333333333333,3.3333333333333335,2.3333333333333335,82,No,TRUE,1,TRUE
R_5sihjF4ipZnoVup,White-tailed deer,FALSE,2,4,NA,FALSE,NA,NA,NA,NA,NA,NA,NA,2,4.333333333333333,3.3333333333333335,2.3333333333333335,82,No,TRUE,1,TRUE
R_600A9pMJ6g4sXKx,African savanna elephant,FALSE,5,1,NA,FALSE,NA,NA,NA,NA,NA,NA,NA,-4,4,2,1.6666666666666667,77,"Yes, I know someone who hunts",FALSE,2,TRUE
R_600A9pMJ6g4sXKx,American crow,FALSE,4,1,NA,FALSE,NA,NA,NA,NA,NA,NA,NA,-3,4,2,1.6666666666666667,77,"Yes, I know someone who hunts",FALSE,2,TRUE
R_600A9pMJ6g4sXKx,American robin,FALSE,1,1,NA,FALSE,NA,NA,NA,NA,NA,NA,NA,0,4,2,1.6666666666666667,77,"Yes, I know someone who hunts",FALSE,2,TRUE
R_600A9pMJ6g4sXKx,Bald eagle,FALSE,5,1,NA,FALSE,NA,NA,NA,NA,NA,NA,NA,-4,4,2,1.6666666666666667,77,"Yes, I know someone who hunts",FALSE,2,TRUE
R_600A9pMJ6g4sXKx,Bison,TRUE,5,2,Overabundant,FALSE,5,2,5,4,2,5,3,-3,4,2,1.6666666666666667,77,"Yes, I know someone who hunts",FALSE,2,TRUE
R_600A9pMJ6g4sXKx,Black bear,TRUE,5,4,Overabundant,FALSE,5,5,5,4,1,4,3,-1,4,2,1.6666666666666667,77,"Yes, I know someone who hunts",FALSE,2,TRUE
R_600A9pMJ6g4sXKx,Brown rat,FALSE,1,5,NA,FALSE,NA,NA,NA,NA,NA,NA,NA,4,4,2,1.6666666666666667,77,"Yes, I know someone who hunts",FALSE,2,TRUE
R_600A9pMJ6g4sXKx,Cougar,TRUE,4,1,NA,TRUE,3,1,5,4,2,5,4,-3,4,2,1.6666666666666667,77,"Yes, I know someone who hunts",FALSE,2,TRUE
R_600A9pMJ6g4sXKx,Coyote,FALSE,3,5,NA,FALSE,NA,NA,NA,NA,NA,NA,NA,2,4,2,1.6666666666666667,77,"Yes, I know someone who hunts",FALSE,2,TRUE
R_600A9pMJ6g4sXKx,Elk,FALSE,5,5,NA,FALSE,NA,NA,NA,NA,NA,NA,NA,0,4,2,1.6666666666666667,77,"Yes, I know someone who hunts",FALSE,2,TRUE
R_600A9pMJ6g4sXKx,Gray wolf,FALSE,5,1,NA,FALSE,NA,NA,NA,NA,NA,NA,NA,-4,4,2,1.6666666666666667,77,"Yes, I know someone who hunts",FALSE,2,TRUE
R_600A9pMJ6g4sXKx,Mallard duck,TRUE,5,4,Overabundant,FALSE,5,5,5,2,1,1,1,-1,4,2,1.6666666666666667,77,"Yes, I know someone who hunts",FALSE,2,TRUE
R_600A9pMJ6g4sXKx,Raccoon,FALSE,4,3,NA,FALSE,NA,NA,NA,NA,NA,NA,NA,-1,4,2,1.6666666666666667,77,"Yes, I know someone who hunts",FALSE,2,TRUE
R_600A9pMJ6g4sXKx,Rattlesnake,FALSE,1,5,NA,FALSE,NA,NA,NA,NA,NA,NA,NA,4,4,2,1.6666666666666667,77,"Yes, I know someone who hunts",FALSE,2,TRUE
R_600A9pMJ6g4sXKx,Striped skunk,FALSE,5,1,NA,FALSE,NA,NA,NA,NA,NA,NA,NA,-4,4,2,1.6666666666666667,77,"Yes, I know someone who hunts",FALSE,2,TRUE
R_600A9pMJ6g4sXKx,Tundra swan,TRUE,4,3,NA,TRUE,4,1,5,4,2,1,1,-1,4,2,1.6666666666666667,77,"Yes, I know someone who hunts",FALSE,2,TRUE
R_600A9pMJ6g4sXKx,White-tailed deer,FALSE,5,5,NA,FALSE,NA,NA,NA,NA,NA,NA,NA,0,4,2,1.6666666666666667,77,"Yes, I know someone who hunts",FALSE,2,TRUE
R_6dMZJho3wwtZ2DQ,African savanna elephant,FALSE,5,1,NA,FALSE,NA,NA,NA,NA,NA,NA,NA,-4,5.333333333333333,4,2.1666666666666665,83,"Yes, I know someone who hunts",TRUE,1,TRUE
R_6dMZJho3wwtZ2DQ,American crow,TRUE,5,1,Overabundant,FALSE,5,4,5,2,2,1,1,-4,5.333333333333333,4,2.1666666666666665,83,"Yes, I know someone who hunts",TRUE,1,TRUE
R_6dMZJho3wwtZ2DQ,American robin,FALSE,5,1,NA,FALSE,NA,NA,NA,NA,NA,NA,NA,-4,5.333333333333333,4,2.1666666666666665,83,"Yes, I know someone who hunts",TRUE,1,TRUE
R_6dMZJho3wwtZ2DQ,Bald eagle,FALSE,5,1,NA,FALSE,NA,NA,NA,NA,NA,NA,NA,-4,5.333333333333333,4,2.1666666666666665,83,"Yes, I know someone who hunts",TRUE,1,TRUE
R_6dMZJho3wwtZ2DQ,Bison,FALSE,5,1,NA,FALSE,NA,NA,NA,NA,NA,NA,NA,-4,5.333333333333333,4,2.1666666666666665,83,"Yes, I know someone who hunts",TRUE,1,TRUE
R_6dMZJho3wwtZ2DQ,Black bear,FALSE,5,1,NA,FALSE,NA,NA,NA,NA,NA,NA,NA,-4,5.333333333333333,4,2.1666666666666665,83,"Yes, I know someone who hunts",TRUE,1,TRUE
R_6dMZJho3wwtZ2DQ,Brown rat,TRUE,3,3,Overabundant,FALSE,3,5,5,1,1,2,3,0,5.333333333333333,4,2.1666666666666665,83,"Yes, I know someone who hunts",TRUE,1,TRUE
R_6dMZJho3wwtZ2DQ,Cougar,FALSE,4,1,NA,FALSE,NA,NA,NA,NA,NA,NA,NA,-3,5.333333333333333,4,2.1666666666666665,83,"Yes, I know someone who hunts",TRUE,1,TRUE
R_6dMZJho3wwtZ2DQ,Coyote,FALSE,5,1,NA,FALSE,NA,NA,NA,NA,NA,NA,NA,-4,5.333333333333333,4,2.1666666666666665,83,"Yes, I know someone who hunts",TRUE,1,TRUE
R_6dMZJho3wwtZ2DQ,Elk,FALSE,5,5,NA,FALSE,NA,NA,NA,NA,NA,NA,NA,0,5.333333333333333,4,2.1666666666666665,83,"Yes, I know someone who hunts",TRUE,1,TRUE
R_6dMZJho3wwtZ2DQ,Gray wolf,TRUE,5,1,Of concern/vulnerable,FALSE,5,1,5,6,6,2,1,-4,5.333333333333333,4,2.1666666666666665,83,"Yes, I know someone who hunts",TRUE,1,TRUE
R_6dMZJho3wwtZ2DQ,Mallard duck,TRUE,5,5,Overabundant,FALSE,5,4,5,4,5,1,1,0,5.333333333333333,4,2.1666666666666665,83,"Yes, I know someone who hunts",TRUE,1,TRUE
R_6dMZJho3wwtZ2DQ,Raccoon,FALSE,5,1,NA,FALSE,NA,NA,NA,NA,NA,NA,NA,-4,5.333333333333333,4,2.1666666666666665,83,"Yes, I know someone who hunts",TRUE,1,TRUE
R_6dMZJho3wwtZ2DQ,Rattlesnake,TRUE,3,5,Stable/least concern,FALSE,4,5,5,2,4,2,1,2,5.333333333333333,4,2.1666666666666665,83,"Yes, I know someone who hunts",TRUE,1,TRUE
R_6dMZJho3wwtZ2DQ,Striped skunk,FALSE,4,1,NA,FALSE,NA,NA,NA,NA,NA,NA,NA,-3,5.333333333333333,4,2.1666666666666665,83,"Yes, I know someone who hunts",TRUE,1,TRUE
R_6dMZJho3wwtZ2DQ,Tundra swan,FALSE,5,1,NA,FALSE,NA,NA,NA,NA,NA,NA,NA,-4,5.333333333333333,4,2.1666666666666665,83,"Yes, I know someone who hunts",TRUE,1,TRUE
R_6dMZJho3wwtZ2DQ,White-tailed deer,FALSE,5,5,NA,FALSE,NA,NA,NA,NA,NA,NA,NA,0,5.333333333333333,4,2.1666666666666665,83,"Yes, I know someone who hunts",TRUE,1,TRUE
R_7Jsy66t19geH274,African savanna elephant,TRUE,5,1,Threatened,FALSE,1,1,5,6,2,2,1,-4,5,3,3,32,No,FALSE,2,TRUE
R_7Jsy66t19geH274,American crow,FALSE,1,5,NA,FALSE,NA,NA,NA,NA,NA,NA,NA,4,5,3,3,32,No,FALSE,2,TRUE
R_7Jsy66t19geH274,American robin,FALSE,5,1,NA,FALSE,NA,NA,NA,NA,NA,NA,NA,-4,5,3,3,32,No,FALSE,2,TRUE
R_7Jsy66t19geH274,Bald eagle,FALSE,5,1,NA,FALSE,NA,NA,NA,NA,NA,NA,NA,-4,5,3,3,32,No,FALSE,2,TRUE
R_7Jsy66t19geH274,Bison,TRUE,5,1,Stable/least concern,FALSE,5,2,5,6,1,4,1,-4,5,3,3,32,No,FALSE,2,TRUE
R_7Jsy66t19geH274,Black bear,TRUE,4,1,Stable/least concern,FALSE,2,1,3,5,1,4,2,-3,5,3,3,32,No,FALSE,2,TRUE
R_7Jsy66t19geH274,Brown rat,TRUE,1,5,Overabundant,FALSE,1,1,1,1,1,2,2,4,5,3,3,32,No,FALSE,2,TRUE
R_7Jsy66t19geH274,Cougar,FALSE,3,1,NA,FALSE,NA,NA,NA,NA,NA,NA,NA,-2,5,3,3,32,No,FALSE,2,TRUE
R_7Jsy66t19geH274,Coyote,FALSE,5,1,NA,FALSE,NA,NA,NA,NA,NA,NA,NA,-4,5,3,3,32,No,FALSE,2,TRUE
R_7Jsy66t19geH274,Elk,FALSE,5,3,NA,FALSE,NA,NA,NA,NA,NA,NA,NA,-2,5,3,3,32,No,FALSE,2,TRUE
R_7Jsy66t19geH274,Gray wolf,FALSE,5,1,NA,FALSE,NA,NA,NA,NA,NA,NA,NA,-4,5,3,3,32,No,FALSE,2,TRUE
R_7Jsy66t19geH274,Mallard duck,FALSE,4,3,NA,FALSE,NA,NA,NA,NA,NA,NA,NA,-1,5,3,3,32,No,FALSE,2,TRUE
R_7Jsy66t19geH274,Raccoon,TRUE,3,3,Stable/least concern,FALSE,1,1,1,1,1,2,2,0,5,3,3,32,No,FALSE,2,TRUE
R_7Jsy66t19geH274,Rattlesnake,FALSE,1,5,NA,FALSE,NA,NA,NA,NA,NA,NA,NA,4,5,3,3,32,No,FALSE,2,TRUE
R_7Jsy66t19geH274,Striped skunk,FALSE,1,5,NA,FALSE,NA,NA,NA,NA,NA,NA,NA,4,5,3,3,32,No,FALSE,2,TRUE
R_7Jsy66t19geH274,Tundra swan,FALSE,5,1,NA,FALSE,NA,NA,NA,NA,NA,NA,NA,-4,5,3,3,32,No,FALSE,2,TRUE
R_7Jsy66t19geH274,White-tailed deer,FALSE,5,3,NA,FALSE,NA,NA,NA,NA,NA,NA,NA,-2,5,3,3,32,No,FALSE,2,TRUE
R_7SQ7gztAPD6mLKx,African savanna elephant,FALSE,5,1,NA,FALSE,NA,NA,NA,NA,NA,NA,NA,-4,6.666666666666667,4,2.3333333333333335,88,"Yes, I know someone who hunts",TRUE,2,TRUE
R_7SQ7gztAPD6mLKx,American crow,FALSE,5,1,NA,FALSE,NA,NA,NA,NA,NA,NA,NA,-4,6.666666666666667,4,2.3333333333333335,88,"Yes, I know someone who hunts",TRUE,2,TRUE
R_7SQ7gztAPD6mLKx,American robin,TRUE,4,3,Stable/least concern,FALSE,1,5,2,1,1,1,2,-1,6.666666666666667,4,2.3333333333333335,88,"Yes, I know someone who hunts",TRUE,2,TRUE
R_7SQ7gztAPD6mLKx,Bald eagle,TRUE,5,1,Threatened,FALSE,2,5,5,6,3,1,2,-4,6.666666666666667,4,2.3333333333333335,88,"Yes, I know someone who hunts",TRUE,2,TRUE
R_7SQ7gztAPD6mLKx,Bison,FALSE,5,1,NA,FALSE,NA,NA,NA,NA,NA,NA,NA,-4,6.666666666666667,4,2.3333333333333335,88,"Yes, I know someone who hunts",TRUE,2,TRUE
R_7SQ7gztAPD6mLKx,Black bear,FALSE,4,3,NA,FALSE,NA,NA,NA,NA,NA,NA,NA,-1,6.666666666666667,4,2.3333333333333335,88,"Yes, I know someone who hunts",TRUE,2,TRUE
R_7SQ7gztAPD6mLKx,Brown rat,FALSE,4,3,NA,FALSE,NA,NA,NA,NA,NA,NA,NA,-1,6.666666666666667,4,2.3333333333333335,88,"Yes, I know someone who hunts",TRUE,2,TRUE
R_7SQ7gztAPD6mLKx,Cougar,FALSE,5,2,NA,FALSE,NA,NA,NA,NA,NA,NA,NA,-3,6.666666666666667,4,2.3333333333333335,88,"Yes, I know someone who hunts",TRUE,2,TRUE
R_7SQ7gztAPD6mLKx,Coyote,FALSE,4,4,NA,FALSE,NA,NA,NA,NA,NA,NA,NA,0,6.666666666666667,4,2.3333333333333335,88,"Yes, I know someone who hunts",TRUE,2,TRUE
R_7SQ7gztAPD6mLKx,Elk,TRUE,4,4,Stable/least concern,FALSE,5,5,5,4,4,2,3,0,6.666666666666667,4,2.3333333333333335,88,"Yes, I know someone who hunts",TRUE,2,TRUE
R_7SQ7gztAPD6mLKx,Gray wolf,FALSE,5,2,NA,FALSE,NA,NA,NA,NA,NA,NA,NA,-3,6.666666666666667,4,2.3333333333333335,88,"Yes, I know someone who hunts",TRUE,2,TRUE
R_7SQ7gztAPD6mLKx,Mallard duck,FALSE,4,4,NA,FALSE,NA,NA,NA,NA,NA,NA,NA,0,6.666666666666667,4,2.3333333333333335,88,"Yes, I know someone who hunts",TRUE,2,TRUE
R_7SQ7gztAPD6mLKx,Raccoon,FALSE,4,3,NA,FALSE,NA,NA,NA,NA,NA,NA,NA,-1,6.666666666666667,4,2.3333333333333335,88,"Yes, I know someone who hunts",TRUE,2,TRUE
R_7SQ7gztAPD6mLKx,Rattlesnake,TRUE,4,3,Of concern/vulnerable,FALSE,4,1,5,2,2,4,2,-1,6.666666666666667,4,2.3333333333333335,88,"Yes, I know someone who hunts",TRUE,2,TRUE
R_7SQ7gztAPD6mLKx,Striped skunk,FALSE,4,3,NA,FALSE,NA,NA,NA,NA,NA,NA,NA,-1,6.666666666666667,4,2.3333333333333335,88,"Yes, I know someone who hunts",TRUE,2,TRUE
R_7SQ7gztAPD6mLKx,Tundra swan,FALSE,4,4,NA,FALSE,NA,NA,NA,NA,NA,NA,NA,0,6.666666666666667,4,2.3333333333333335,88,"Yes, I know someone who hunts",TRUE,2,TRUE
R_7SQ7gztAPD6mLKx,White-tailed deer,TRUE,4,5,Overabundant,FALSE,5,5,3,2,1,2,3,1,6.666666666666667,4,2.3333333333333335,88,"Yes, I know someone who hunts",TRUE,2,TRUE
R_7ajZ5tklH1vwncZ,African savanna elephant,FALSE,5,1,NA,FALSE,NA,NA,NA,NA,NA,NA,NA,-4,4.666666666666667,3.3333333333333335,3.1666666666666665,32,No,TRUE,1,TRUE
R_7ajZ5tklH1vwncZ,American crow,FALSE,1,3,NA,FALSE,NA,NA,NA,NA,NA,NA,NA,2,4.666666666666667,3.3333333333333335,3.1666666666666665,32,No,TRUE,1,TRUE
R_7ajZ5tklH1vwncZ,American robin,FALSE,1,3,NA,FALSE,NA,NA,NA,NA,NA,NA,NA,2,4.666666666666667,3.3333333333333335,3.1666666666666665,32,No,TRUE,1,TRUE
R_7ajZ5tklH1vwncZ,Bald eagle,TRUE,2,1,Of concern/vulnerable,FALSE,1,1,3,6,3,3,1,-1,4.666666666666667,3.3333333333333335,3.1666666666666665,32,No,TRUE,1,TRUE
R_7ajZ5tklH1vwncZ,Bison,FALSE,5,1,NA,FALSE,NA,NA,NA,NA,NA,NA,NA,-4,4.666666666666667,3.3333333333333335,3.1666666666666665,32,No,TRUE,1,TRUE
R_7ajZ5tklH1vwncZ,Black bear,FALSE,5,1,NA,FALSE,NA,NA,NA,NA,NA,NA,NA,-4,4.666666666666667,3.3333333333333335,3.1666666666666665,32,No,TRUE,1,TRUE
R_7ajZ5tklH1vwncZ,Brown rat,FALSE,2,3,NA,FALSE,NA,NA,NA,NA,NA,NA,NA,1,4.666666666666667,3.3333333333333335,3.1666666666666665,32,No,TRUE,1,TRUE
R_7ajZ5tklH1vwncZ,Cougar,FALSE,4,1,NA,FALSE,NA,NA,NA,NA,NA,NA,NA,-3,4.666666666666667,3.3333333333333335,3.1666666666666665,32,No,TRUE,1,TRUE
R_7ajZ5tklH1vwncZ,Coyote,TRUE,4,1,Stable/least concern,FALSE,1,4,2,3,3,2,1,-3,4.666666666666667,3.3333333333333335,3.1666666666666665,32,No,TRUE,1,TRUE
R_7ajZ5tklH1vwncZ,Elk,FALSE,4,1,NA,FALSE,NA,NA,NA,NA,NA,NA,NA,-3,4.666666666666667,3.3333333333333335,3.1666666666666665,32,No,TRUE,1,TRUE
R_7ajZ5tklH1vwncZ,Gray wolf,FALSE,4,1,NA,FALSE,NA,NA,NA,NA,NA,NA,NA,-3,4.666666666666667,3.3333333333333335,3.1666666666666665,32,No,TRUE,1,TRUE
R_7ajZ5tklH1vwncZ,Mallard duck,TRUE,1,3,NA,TRUE,1,3,1,2,1,1,2,2,4.666666666666667,3.3333333333333335,3.1666666666666665,32,No,TRUE,1,TRUE
R_7ajZ5tklH1vwncZ,Raccoon,TRUE,5,3,Overabundant,FALSE,1,2,5,2,1,2,3,-2,4.666666666666667,3.3333333333333335,3.1666666666666665,32,No,TRUE,1,TRUE
R_7ajZ5tklH1vwncZ,Rattlesnake,FALSE,4,2,NA,FALSE,NA,NA,NA,NA,NA,NA,NA,-2,4.666666666666667,3.3333333333333335,3.1666666666666665,32,No,TRUE,1,TRUE
R_7ajZ5tklH1vwncZ,Striped skunk,TRUE,2,3,NA,TRUE,1,1,1,2,1,1,3,1,4.666666666666667,3.3333333333333335,3.1666666666666665,32,No,TRUE,1,TRUE
R_7ajZ5tklH1vwncZ,Tundra swan,FALSE,1,3,NA,FALSE,NA,NA,NA,NA,NA,NA,NA,2,4.666666666666667,3.3333333333333335,3.1666666666666665,32,No,TRUE,1,TRUE
R_7ajZ5tklH1vwncZ,White-tailed deer,FALSE,5,3,NA,FALSE,NA,NA,NA,NA,NA,NA,NA,-2,4.666666666666667,3.3333333333333335,3.1666666666666665,32,No,TRUE,1,TRUE
R_7oMFmW3BEKd0bBa,African savanna elephant,TRUE,5,1,Critically endangered,FALSE,1,1,5,6,6,1,3,-4,6.333333333333333,2,2,100,"Yes, I know someone who hunts",TRUE,2,TRUE
R_7oMFmW3BEKd0bBa,American crow,TRUE,5,1,Stable/least concern,FALSE,2,4,5,3,1,1,1,-4,6.333333333333333,2,2,100,"Yes, I know someone who hunts",TRUE,2,TRUE
R_7oMFmW3BEKd0bBa,American robin,FALSE,4,2,NA,FALSE,NA,NA,NA,NA,NA,NA,NA,-2,6.333333333333333,2,2,100,"Yes, I know someone who hunts",TRUE,2,TRUE
R_7oMFmW3BEKd0bBa,Bald eagle,FALSE,5,1,NA,FALSE,NA,NA,NA,NA,NA,NA,NA,-4,6.333333333333333,2,2,100,"Yes, I know someone who hunts",TRUE,2,TRUE
R_7oMFmW3BEKd0bBa,Bison,FALSE,5,1,NA,FALSE,NA,NA,NA,NA,NA,NA,NA,-4,6.333333333333333,2,2,100,"Yes, I know someone who hunts",TRUE,2,TRUE
R_7oMFmW3BEKd0bBa,Black bear,FALSE,5,1,NA,FALSE,NA,NA,NA,NA,NA,NA,NA,-4,6.333333333333333,2,2,100,"Yes, I know someone who hunts",TRUE,2,TRUE
R_7oMFmW3BEKd0bBa,Brown rat,FALSE,2,3,NA,FALSE,NA,NA,NA,NA,NA,NA,NA,1,6.333333333333333,2,2,100,"Yes, I know someone who hunts",TRUE,2,TRUE
R_7oMFmW3BEKd0bBa,Cougar,FALSE,4,1,NA,FALSE,NA,NA,NA,NA,NA,NA,NA,-3,6.333333333333333,2,2,100,"Yes, I know someone who hunts",TRUE,2,TRUE
R_7oMFmW3BEKd0bBa,Coyote,TRUE,4,1,Of concern/vulnerable,FALSE,2,4,3,2,1,2,3,-3,6.333333333333333,2,2,100,"Yes, I know someone who hunts",TRUE,2,TRUE
R_7oMFmW3BEKd0bBa,Elk,FALSE,4,3,NA,FALSE,NA,NA,NA,NA,NA,NA,NA,-1,6.333333333333333,2,2,100,"Yes, I know someone who hunts",TRUE,2,TRUE
R_7oMFmW3BEKd0bBa,Gray wolf,FALSE,5,1,NA,FALSE,NA,NA,NA,NA,NA,NA,NA,-4,6.333333333333333,2,2,100,"Yes, I know someone who hunts",TRUE,2,TRUE
R_7oMFmW3BEKd0bBa,Mallard duck,FALSE,3,4,NA,FALSE,NA,NA,NA,NA,NA,NA,NA,1,6.333333333333333,2,2,100,"Yes, I know someone who hunts",TRUE,2,TRUE
R_7oMFmW3BEKd0bBa,Raccoon,TRUE,4,2,Stable/least concern,FALSE,1,3,4,2,1,1,3,-2,6.333333333333333,2,2,100,"Yes, I know someone who hunts",TRUE,2,TRUE
R_7oMFmW3BEKd0bBa,Rattlesnake,FALSE,2,2,NA,FALSE,NA,NA,NA,NA,NA,NA,NA,0,6.333333333333333,2,2,100,"Yes, I know someone who hunts",TRUE,2,TRUE
R_7oMFmW3BEKd0bBa,Striped skunk,TRUE,4,2,Stable/least concern,FALSE,1,2,2,2,1,1,2,-2,6.333333333333333,2,2,100,"Yes, I know someone who hunts",TRUE,2,TRUE
R_7oMFmW3BEKd0bBa,Tundra swan,FALSE,4,2,NA,FALSE,NA,NA,NA,NA,NA,NA,NA,-2,6.333333333333333,2,2,100,"Yes, I know someone who hunts",TRUE,2,TRUE
R_7oMFmW3BEKd0bBa,White-tailed deer,FALSE,5,3,NA,FALSE,NA,NA,NA,NA,NA,NA,NA,-2,6.333333333333333,2,2,100,"Yes, I know someone who hunts",TRUE,2,TRUE
R_7rTAPyTU6TRalqx,African savanna elephant,FALSE,5,1,NA,FALSE,NA,NA,NA,NA,NA,NA,NA,-4,4.333333333333333,2,2.8333333333333335,94,"Yes, I know someone who hunts",TRUE,3,TRUE
R_7rTAPyTU6TRalqx,American crow,FALSE,4,2,NA,FALSE,NA,NA,NA,NA,NA,NA,NA,-2,4.333333333333333,2,2.8333333333333335,94,"Yes, I know someone who hunts",TRUE,3,TRUE
R_7rTAPyTU6TRalqx,American robin,FALSE,4,1,NA,FALSE,NA,NA,NA,NA,NA,NA,NA,-3,4.333333333333333,2,2.8333333333333335,94,"Yes, I know someone who hunts",TRUE,3,TRUE
R_7rTAPyTU6TRalqx,Bald eagle,FALSE,2,1,NA,FALSE,NA,NA,NA,NA,NA,NA,NA,-1,4.333333333333333,2,2.8333333333333335,94,"Yes, I know someone who hunts",TRUE,3,TRUE
R_7rTAPyTU6TRalqx,Bison,FALSE,5,3,NA,FALSE,NA,NA,NA,NA,NA,NA,NA,-2,4.333333333333333,2,2.8333333333333335,94,"Yes, I know someone who hunts",TRUE,3,TRUE
R_7rTAPyTU6TRalqx,Black bear,FALSE,5,5,NA,FALSE,NA,NA,NA,NA,NA,NA,NA,0,4.333333333333333,2,2.8333333333333335,94,"Yes, I know someone who hunts",TRUE,3,TRUE
R_7rTAPyTU6TRalqx,Brown rat,FALSE,3,5,NA,FALSE,NA,NA,NA,NA,NA,NA,NA,2,4.333333333333333,2,2.8333333333333335,94,"Yes, I know someone who hunts",TRUE,3,TRUE
R_7rTAPyTU6TRalqx,Cougar,TRUE,3,1,Of concern/vulnerable,FALSE,2,1,4,1,2,2,1,-2,4.333333333333333,2,2.8333333333333335,94,"Yes, I know someone who hunts",TRUE,3,TRUE
R_7rTAPyTU6TRalqx,Coyote,FALSE,5,1,NA,FALSE,NA,NA,NA,NA,NA,NA,NA,-4,4.333333333333333,2,2.8333333333333335,94,"Yes, I know someone who hunts",TRUE,3,TRUE
R_7rTAPyTU6TRalqx,Elk,FALSE,5,5,NA,FALSE,NA,NA,NA,NA,NA,NA,NA,0,4.333333333333333,2,2.8333333333333335,94,"Yes, I know someone who hunts",TRUE,3,TRUE
R_7rTAPyTU6TRalqx,Gray wolf,FALSE,5,1,NA,FALSE,NA,NA,NA,NA,NA,NA,NA,-4,4.333333333333333,2,2.8333333333333335,94,"Yes, I know someone who hunts",TRUE,3,TRUE
R_7rTAPyTU6TRalqx,Mallard duck,FALSE,5,1,NA,FALSE,NA,NA,NA,NA,NA,NA,NA,-4,4.333333333333333,2,2.8333333333333335,94,"Yes, I know someone who hunts",TRUE,3,TRUE
R_7rTAPyTU6TRalqx,Raccoon,TRUE,5,1,Stable/least concern,FALSE,1,3,5,1,2,1,1,-4,4.333333333333333,2,2.8333333333333335,94,"Yes, I know someone who hunts",TRUE,3,TRUE
R_7rTAPyTU6TRalqx,Rattlesnake,TRUE,2,3,Stable/least concern,FALSE,3,1,1,1,1,3,1,1,4.333333333333333,2,2.8333333333333335,94,"Yes, I know someone who hunts",TRUE,3,TRUE
R_7rTAPyTU6TRalqx,Striped skunk,FALSE,3,3,NA,FALSE,NA,NA,NA,NA,NA,NA,NA,0,4.333333333333333,2,2.8333333333333335,94,"Yes, I know someone who hunts",TRUE,3,TRUE
R_7rTAPyTU6TRalqx,Tundra swan,TRUE,4,1,NA,TRUE,1,1,2,1,1,1,1,-3,4.333333333333333,2,2.8333333333333335,94,"Yes, I know someone who hunts",TRUE,3,TRUE
R_7rTAPyTU6TRalqx,White-tailed deer,TRUE,5,5,Stable/least concern,FALSE,4,5,3,2,1,1,1,0,4.333333333333333,2,2.8333333333333335,94,"Yes, I know someone who hunts",TRUE,3,TRUE
